{
    "pokemones": [
		{
			"id": 1,
			"nombre": "bulbasaur",
            "tipo": ["planta"],
            "evoluciones": ["ivysaur", "venusaur"],
			"poder": 4,
			"fortaleza":["agua"],
			"debilidad":["fuego"]
		},
        {
			"id": 4,
			"nombre": "charmander",
			"tipo": ["fuego"],
            "evoluciones": ["charmeleon", "charizard"],
			"poder": 5,
			"fortaleza":["planta"],
			"debilidad":["agua"]
		},
		{
			"id": 5,
			"nombre": "charmeleon",
			"tipo": ["fuego"],
            "evoluciones": ["charizard"],
			"poder": 9,
			"fortaleza":["planta"],
			"debilidad":["agua"]
		},
		{
			"id": 6,
			"nombre": "charizard",
			"tipo": ["fuego", "volador"],
            "evoluciones": ["mega-charizard x", "mega-charizard y", "charizard gigamax"],
			"poder": 18,
			"fortaleza":["planta"],
			"debilidad":["agua"]
		},
		{
			"id": 9,
			"nombre": "blastoise",
			"tipo": ["agua"],
            "evoluciones": [],
			"poder": 18,
			"fortaleza":["fuego", "piedra"],
			"debilidad":["planta", "electrico"]
		},
		{
			"id": 172,
			"nombre": "pichu",
			"tipo": ["electrico"],
            "evoluciones": ["pikachu", "raichu", "raichu de alola"],
			"poder": 3,
			"fortaleza":["agua"],
			"debilidad":["planta", "piedra"]
		},
		{
			"id": 25,
			"nombre": "pikachu",
			"tipo": ["electrico"],
            "evoluciones": ["raichu", "raichu de alola"],
			"poder": 5,
			"fortaleza":["agua", "electrico"],
			"debilidad":["planta", "piedra"]
		},
		{
			"id": 26,
			"nombre": "raichu",
			"tipo": ["electrico"],
            "evoluciones": [],
			"poder": 20,
			"fortaleza":["agua", "electrico"],
			"debilidad":["planta", "piedra"]
		},
		{
            "id": 94,
			"nombre": "gengar",
			"tipo": ["fantasma", "veneno"],
            "evoluciones": [],
			"poder": 30,
			"fortaleza":["psiquico", "volador"],
			"debilidad":["siniestro"]
		},
		{
            "id": 144,
			"nombre": "articuno",
			"tipo": ["hielo", "volador"],
            "evoluciones": [],
			"poder": 30,
			"fortaleza":["volador", "planta"],
			"debilidad":["fuego", "agua", "acero"]
		},
		{
            "id": 145,
			"nombre": "zapdos",
			"tipo": ["electrico", "volador"],
            "evoluciones": [],
			"poder": 30,
			"fortaleza":["agua"],
			"debilidad":["planta", "piedra"]
		},
		{
            "id": 146,
			"nombre": "moltres",
			"tipo": ["fuego", "volador"],
            "evoluciones": [],
			"poder": 30,
			"fortaleza":["planta", "electrico"],
			"debilidad":["agua", "piedra"]
		},
		{
            "id": 150,
			"nombre": "mewtwo",
			"tipo": ["psiquico"],
            "evoluciones": ["mega-mewtwo x", "mega-mewtwo y"],
			"poder": 25,
			"fortaleza":["agua", "planta", "fuego", "electrico"],
			"debilidad":["fantasma", "oscuridad"]
		},
        {
			"id": 151,
			"nombre": "mew",
			"tipo": ["psiquico"],
            "evoluciones": [],
			"poder": 24,
			"fortaleza":["agua", "planta", "fuego", "electrico"],
			"debilidad":["fantasma", "oscuridad"]
		},
        {
			"id": 448,
			"nombre": "lucario",
			"tipo": ["lucha", "acero"],
            "evoluciones": ["mega lucario"],
			"poder": 24,
			"fortaleza":["piedra", "agua", "hielo", "planta"],
			"debilidad":["electrico", "agua", "fuego", "psiquico", "volador"]
		}
	]
}